Character,ID,Home,Family,Friends / connections,Regularly visits,Loves,Likes,Dislikes,Hates
Aidan,aidan,House4,Father runs the junk yard (not yet in cast),—,Pub — Fri 8pm–12am (inside); Pub — Sat 12am–3am (inside); Mechanic shop — Sat 12pm–4pm (inside); Pub — Sat 4pm–12am (inside); Pub — Sun 12am–3am (inside); Church — Sun 10am–12pm (inside); Mechanic shop — Mon–Fri 11am–8pm (inside),scrap,"bolts, bread","milk, fruitcake",—
Apple Campbell,apple_campbell,Farm,Marsha Campbell (mother); Flower Campbell (sister),—,"Church — Sun 9am–1pm (inside); School — Mon–Fri 9am–3:30pm (inside); Farm — Sat 6am–2pm, Spring/Summer (following Flower Campbell)",butter,"milk, bread",eggs,fruitcake
Cole,cole,Townhouse30,—,"James (fire marshal, opposite shift)","Firehouse — Daily daytime (6am–7pm), even weeks (inside); Firehouse — Daily sunset (7–9pm), even weeks (inside); Firehouse — Daily sunset (7–9pm), odd weeks (inside); Firehouse — Daily night (9pm–6am), odd weeks (inside)",bread,"milk, butter","bolts, fruitcake",—
Doctor Carrington,doctor_carrington,Townhouse10,Elsie Carrington (mother),—,"Church — Sun daytime (6am–7pm) (inside); Church — Sun sunset (7–9pm) (outside); Grocery — Wed daytime (6am–7pm) (outside); Grocery — Wed sunset (7–9pm) (inside); Hospital — Daily daytime (6am–7pm), even weeks (inside); Hospital — Daily sunset (7–9pm), even weeks (inside); Hospital — Daily sunset (7–9pm), odd weeks (inside); Hospital — Daily night (9pm–6am), odd weeks (inside)",bread,milk,"butter, fruitcake",—
Elsie Carrington,elsie_carrington,House60,Doctor Carrington (daughter),Spider (lives with her),"Pub — Sat 6pm–2am (inside); Grocery — Mon 10am–1pm (inside); Cafe — Mon 1pm–4pm (inside); Hospital — Daily 8am–6pm, even weeks (inside); Hospital — Daily 6pm–4am, odd weeks (inside)",milk,"bread, butter","scrap, fruitcake",—
Flower Campbell,flower_campbell,Farm,Marsha Campbell (mother); Apple Campbell (sister); father left the family (not in cast),—,"Church — Sun 9am–1pm (inside); Grocery — Thu 1pm–5pm (inside); Farm — Daily 6am–2pm, Spring/Summer (wandering the grounds)",bolts,"scrap, milk","butter, fruitcake",—
Gus,gus,House80,—,Mabel (visits him Thu/Fri),Building1 (no such door on the map) — Sun daytime (6am–7pm) (outside); Pub — Mon–Fri daytime (6am–7pm) (outside); Pub — Daily night (9pm–6am) (outside),bread,"scrap, bolts","milk, fruitcake",—
James,james,House130,Nicolle (wife); Noah (son),"Cole (firefighter, opposite shift)","Firehouse — Daily sunset (7–9pm), even weeks (inside); Firehouse — Daily night (9pm–6am), even weeks (inside); Firehouse — Daily daytime (6am–7pm), odd weeks (inside); Firehouse — Daily sunset (7–9pm), odd weeks (inside)",butter,"bread, milk","scrap, fruitcake",—
Jimmy Henderson,jimmy_henderson,House96,Mayor Henderson (wife),Marsha Campbell (buys her fruitcake),City Hall — Daily daytime (6am–7pm) (inside),"bread, fruitcake","butter, milk",scrap,—
Junia Thorne,junia_thorne,House138,Reverend Elias Thorne (father); Silas Thorne (brother),—,"Church — Sun 7am–1:30pm (inside); Farm — Sat 10am–2pm, even weeks (inside); School — Sat 10am–3pm, odd weeks (wandering the grounds); School — Mon–Fri 9am–3:30pm (inside)",milk,"butter, bread",scrap,fruitcake
Mabel,mabel,House134,—,Gus (visits his house Thu/Fri),Building1 (no such door on the map) — Mon–Wed daytime (6am–7pm) (outside); House80 — Thu/Fri daytime (6am–7pm) (outside); Pub — Tue/Wed sunset (7–9pm) (outside); House134 — Daily night (9pm–6am) (outside),milk,"bread, butter","bolts, fruitcake",—
Marco,marco,House98,—,Teri Sanders (Tuesday cafe regular),Cafe — Tue–Sat 4am–5pm (inside),butter,"bread, milk",scrap,fruitcake
Marsha Campbell,marsha_campbell,Farm,Flower Campbell (daughter); Apple Campbell (daughter); ex-husband left (not in cast),Jimmy Henderson (fruitcake customer),Church — Sun 9am–1pm (inside),bread,"milk, bolts",scrap,—
Mayor Henderson,mayor_henderson,House96,Jimmy Henderson (husband),—,City Hall — Daily 8am–11am (outside); City Hall — Daily 11am–5pm (inside),butter,bread,bolts,fruitcake
Nayra,nayra,House200,—,Silas Thorne (works the grocery with her),Grocery — Daily 7am–1am (inside),milk,bread,"scrap, fruitcake",—
Nicolle,nicolle,House130,"James (husband); Noah (son, also her pupil)",—,School — Mon–Fri 9am–5pm (inside); Grocery — Sat 1pm–5pm (inside); Cafe — Sun 1pm–5pm (inside),milk,"bread, butter","bolts, fruitcake",—
Noah,noah,House130,James (father); Nicolle (mother and teacher),—,School — Mon–Fri 9am–5pm (inside); Grocery — Sat 1pm–5pm (inside); Cafe — Sun 1pm–5pm (inside),milk,bread,butter,fruitcake
Officer Kali,kali,House70,—,Sergeant Darin (fellow officer),Police station — Mon/Wed/Thu/Fri/Sun 7am–7pm (inside),bread,"milk, butter","scrap, fruitcake",—
Poppy,poppy,House12,—,Mabel (visits her on Sundays),House12 — Mon–Fri daytime (6am–7pm) (outside); House134 — Sun daytime (6am–7pm) (outside); House12 — Daily sunset (7–9pm) (outside),butter,"bread, milk",scrap,fruitcake
Reverend Elias Thorne,elias_thorne,House138,Silas Thorne (son); Junia Thorne (daughter),—,"Church — Sun 7am–1:30pm (inside); Church — Sun 1:30pm–3pm (outside); Church — Mon–Thu 7am–3:30pm (inside); Farm — Fri/Sat 10am–2pm, even weeks (inside); City Hall — Fri/Sat 10am–2pm, odd weeks (inside)",bread,"butter, milk","scrap, fruitcake",—
Sergeant Darin,darin,House72,—,Officer Kali (fellow officer),Police station — Tue–Sat 7am–7pm (inside),butter,bread,"bolts, fruitcake",—
Silas Thorne,silas_thorne,House138,Reverend Elias Thorne (father); Junia Thorne (sister),Nayra (grocery co-worker),Church — Sun 7am–12pm (inside); Grocery — Mon–Sat 8am–6pm (inside),butter,"scrap, bolts","bread, fruitcake",—
Spider,spider,House60,"Mother mentioned, not in cast",Elsie Carrington (lives with her),Pub — Daily 8pm–5am (inside),bolts,"bread, scrap",milk,fruitcake
Teri Sanders,teri_sanders,House55,—,Marco (she works on her portfolio at his cafe),Pub — Wed–Sun 5pm–12am (inside); Pub — Mon/Thu/Fri/Sat/Sun 12am–1am (inside); Cafe — Tue 1pm–4pm (inside),milk,bread,butter,fruitcake
